Homer Simpson,https://cdn.glitch.com/3c3ffadc-3406-4440-bb95-d40ec8fcde72%2FHomerSimpson.png?1497567511939
Milhouse Van Houten,https://cdn.glitch.com/3c3ffadc-3406-4440-bb95-d40ec8fcde72%2FMilhouseVanHouten.png?1497567513002
Mr. Burns,https://cdn.glitch.com/3c3ffadc-3406-4440-bb95-d40ec8fcde72%2FMrBurns.png?1497567512188
Abe Simpson,https://cdn.glitch.com/3c3ffadc-3406-4440-bb95-d40ec8fcde72%2FAbrahamSimpson.png?1497567511593
Groundskeeper Willie,https://cdn.glitch.com/3c3ffadc-3406-4440-bb95-d40ec8fcde72%2FGroundskeeperWillie.png?1497567512063
Homer Simpson,https://cdn.glitch.com/3c3ffadc-3406-4440-bb95-d40ec8fcde72%2FHomerSimpson.png?1497567511939
Homer Simpson,https://cdn.glitch.com/3c3ffadc-3406-4440-bb95-d40ec8fcde72%2FHomerSimpson.png?1497567511939
Moe Szyslak,https://cdn.glitch.com/3c3ffadc-3406-4440-bb95-d40ec8fcde72%2FMoeSzyslak.png?1497567512411
Homer Simpson,https://cdn.glitch.com/3c3ffadc-3406-4440-bb95-d40ec8fcde72%2FHomerSimpson.png?1497567511939
Homer Simpson,https://cdn.glitch.com/3c3ffadc-3406-4440-bb95-d40ec8fcde72%2FHomerSimpson.png?1497567511939
Troy McClure,https://cdn.glitch.com/3c3ffadc-3406-4440-bb95-d40ec8fcde72%2FTroyMcClure.png?1497567511112
Principal Skinner,https://cdn.glitch.com/3c3ffadc-3406-4440-bb95-d40ec8fcde72%2FSeymourSkinner.png?1497567511460
Troy McClure,https://cdn.glitch.com/3c3ffadc-3406-4440-bb95-d40ec8fcde72%2FTroyMcClure.png?1497567511112
Marge Simpson,https://cdn.glitch.com/3c3ffadc-3406-4440-bb95-d40ec8fcde72%2FMargeSimpson.png?1497567512205
Homer Simpson,https://cdn.glitch.com/3c3ffadc-3406-4440-bb95-d40ec8fcde72%2FHomerSimpson.png?1497567511939
Waylon Smithers,https://cdn.glitch.com/3c3ffadc-3406-4440-bb95-d40ec8fcde72%2FWaylonSmithers.png?1497567511840
Homer Simpson,https://cdn.glitch.com/3c3ffadc-3406-4440-bb95-d40ec8fcde72%2FHomerSimpson.png?1497567511939
Troy McClure,https://cdn.glitch.com/3c3ffadc-3406-4440-bb95-d40ec8fcde72%2FTroyMcClure.png?1497567511112
Ralph Wiggum,https://cdn.glitch.com/3c3ffadc-3406-4440-bb95-d40ec8fcde72%2FRalphWiggum.png?1497567511523
Bart Simpson,https://cdn.glitch.com/3c3ffadc-3406-4440-bb95-d40ec8fcde72%2FBartSimpson.png?1497567511638
Lisa Simpson,https://cdn.glitch.com/3c3ffadc-3406-4440-bb95-d40ec8fcde72%2FLisaSimpson.png?1497567512083
Duffman,https://cdn.glitch.com/3c3ffadc-3406-4440-bb95-d40ec8fcde72%2FDuffman.png?1497567511709
Homer Simpson,https://cdn.glitch.com/3c3ffadc-3406-4440-bb95-d40ec8fcde72%2FHomerSimpson.png?1497567511939
Homer Simpson,https://cdn.glitch.com/3c3ffadc-3406-4440-bb95-d40ec8fcde72%2FHomerSimpson.png?1497567511939
